{
	"format_version": "1.8.0",
	"animations": {
		"dive": {
			"animation_length": 5.25,
			"bones": {
				"RightWing": {
					"rotation": {
						"0.0": {
							"vector": [0, 0, 22.5]
						},
						"0.0417": {
							"vector": [0.04419, 0.33565, 29.76575]
						},
						"4.0": {
							"vector": [0, 32.5, 0]
						}
					}
				},
				"Neck2": {
					"rotation": {
						"0.0": {
							"vector": [0, 0, 0]
						},
						"0.0417": {
							"vector": [12.5, 0, 0]
						},
						"0.0833": {
							"vector": [15, 0, 0]
						},
						"0.125": {
							"vector": [7.5, 0, 0]
						},
						"0.1667": {
							"vector": [-22.5, 0, 0]
						},
						"0.2083": {
							"vector": [-25, 0, 0]
						},
						"0.25": {
							"vector": [-22.5, 0, 0]
						},
						"0.2917": {
							"vector": [-27.5, 0, 0]
						},
						"0.3333": {
							"vector": [-32.5, 0, 0]
						},
						"0.4167": {
							"vector": [-20, 0, 0]
						},
						"0.4583": {
							"vector": [-12.5, 0, 0]
						},
						"0.5": {
							"vector": [17.5, 0, 0]
						},
						"0.5417": {
							"vector": [27.5, 0, 0]
						},
						"0.5833": {
							"vector": [32.5, 0, 0]
						},
						"0.625": {
							"vector": [37.5, 0, 0]
						},
						"0.6667": {
							"vector": [37.5, 0, 0]
						},
						"0.7083": {
							"vector": [32.5, 0, 0]
						},
						"4.0": {
							"vector": [5, 0, 0]
						}
					}
				},
				"Neck1": {
					"rotation": {
						"0.0": {
							"vector": [0, 0, 0]
						},
						"0.0833": {
							"vector": [5, 0, 0]
						},
						"0.125": {
							"vector": [10, 0, 0]
						},
						"0.1667": {
							"vector": [2.5, 0, 0]
						},
						"0.2083": {
							"vector": [-12.5, 0, 0]
						},
						"0.25": {
							"vector": [-17.5, 0, 0]
						},
						"0.2917": {
							"vector": [-20, 0, 0]
						},
						"0.3333": {
							"vector": [-25, 0, 0]
						},
						"0.4583": {
							"vector": [-22.5, 0, 0]
						},
						"0.5": {
							"vector": [-20, 0, 0]
						},
						"0.5417": {
							"vector": [-15, 0, 0]
						},
						"0.625": {
							"vector": [-2.5, 0, 0]
						},
						"0.6667": {
							"vector": [2.5, 0, 0]
						},
						"0.7083": {
							"vector": [15, 0, 0]
						},
						"0.75": {
							"vector": [22.5, 0, 0]
						},
						"4.0417": {
							"vector": [2.5, 0, 0]
						}
					}
				},
				"FullBody": {
					"rotation": {
						"0.0": {
							"vector": [0, 0, 0]
						},
						"0.2917": {
							"vector": [-2.5, 0, 0]
						},
						"0.3333": {
							"vector": [-15, 0, 0]
						},
						"0.6667": {
							"vector": [-7.5, 0, 0]
						},
						"0.7083": {
							"vector": [0, 0, 0]
						},
						"4.0": {
							"vector": [37.5, 0, 0]
						},
						"4.0417": {
							"vector": [42.5, 0, 0]
						}
					}
				},
				"BackBody": {
					"rotation": {
						"0.0": {
							"vector": [0, 0, 0]
						},
						"0.25": {
							"vector": [2.5, 0, 0]
						},
						"0.3333": {
							"vector": [0, 0, 0]
						}
					}
				},
				"RightLeg": {
					"rotation": {
						"0.0": {
							"vector": [0, 0, 0]
						},
						"4.0417": {
							"vector": [62.5, 0, 0]
						}
					}
				},
				"RightAnkle": {
					"rotation": {
						"0.0": {
							"vector": [0, 0, 0]
						},
						"4.0417": {
							"vector": [0, 0, 0]
						}
					}
				},
				"RightFoot": {
					"rotation": {
						"0.0": {
							"vector": [0, 0, 0]
						},
						"4.0417": {
							"vector": [42.5, 0, 0]
						}
					}
				},
				"RRightClaw": {
					"rotation": {
						"0.0": {
							"vector": [0, 0, 0]
						},
						"4.0417": {
							"vector": [45, 0, 0]
						}
					}
				},
				"MRightClaw": {
					"rotation": {
						"0.0": {
							"vector": [0, 0, 0]
						},
						"4.0417": {
							"vector": [20, 0, 0]
						}
					}
				},
				"LRightclaw": {
					"rotation": {
						"0.0": {
							"vector": [0, 0, 0]
						},
						"4.0417": {
							"vector": [30, 0, 0]
						}
					}
				},
				"RightDewClaw": {
					"rotation": {
						"0.0": {
							"vector": [0, 0, 0]
						},
						"4.0417": {
							"vector": [25, 0, 0]
						}
					}
				},
				"LeftLeg": {
					"rotation": {
						"0.0": {
							"vector": [0, 0, 0]
						},
						"4.0417": {
							"vector": [62.5, 0, 0]
						}
					}
				},
				"LeftFoot": {
					"rotation": {
						"0.0": {
							"vector": [0, 0, 0]
						},
						"4.0417": {
							"vector": [42.5, 0, 0]
						}
					}
				},
				"RLeftClaw": {
					"rotation": {
						"0.0": {
							"vector": [0, 0, 0]
						},
						"4.0417": {
							"vector": [25, 0, 0]
						}
					}
				},
				"MLeftClaw": {
					"rotation": {
						"0.0": {
							"vector": [0, 0, 0]
						},
						"4.0417": {
							"vector": [15, 0, 0]
						}
					}
				},
				"LLeftclaw": {
					"rotation": {
						"0.0": {
							"vector": [0, 0, 0]
						},
						"4.0417": {
							"vector": [22.5, 0, 0]
						}
					}
				},
				"LeftDewClaw": {
					"rotation": {
						"0.0": {
							"vector": [0, 0, 0]
						},
						"4.0417": {
							"vector": [20, 0, 0]
						}
					}
				},
				"TailSegment1": {
					"rotation": {
						"0.0": {
							"vector": [0, 0, 0]
						},
						"0.25": {
							"vector": [7.5, 0, 0]
						},
						"0.2917": {
							"vector": [10, 0, 0]
						},
						"0.3333": {
							"vector": [12.5, 0, 0]
						},
						"0.6667": {
							"vector": [-5, 0, 0]
						},
						"4.0": {
							"vector": [2.5, 0, 0]
						}
					}
				},
				"TailSegment2": {
					"rotation": {
						"0.0": {
							"vector": [0, 0, 0]
						},
						"0.25": {
							"vector": [5, 0, 0]
						},
						"0.2917": {
							"vector": [10, 0, 0]
						},
						"0.3333": {
							"vector": [17.5, 0, 0]
						},
						"0.6667": {
							"vector": [-2.5, 0, 0]
						}
					}
				},
				"TailSegment3": {
					"rotation": {
						"0.0": {
							"vector": [0, 0, 0]
						},
						"0.25": {
							"vector": [-5, 0, 0]
						},
						"0.2917": {
							"vector": [-7.5, 0, 0]
						},
						"0.3333": {
							"vector": [-15, 0, 0]
						},
						"0.6667": {
							"vector": [-32.5, 0, 0]
						},
						"4.0": {
							"vector": [-2.5, 0, 0]
						}
					}
				},
				"TailSegment4": {
					"rotation": {
						"0.0": {
							"vector": [0, 0, 0]
						},
						"0.25": {
							"vector": [-5, 0, 0]
						},
						"0.2917": {
							"vector": [-7.5, 0, 0]
						},
						"0.3333": {
							"vector": [-15, 0, 0]
						},
						"0.6667": {
							"vector": [-27.5, 0, 0]
						},
						"4.0": {
							"vector": [0, 0, 0]
						}
					}
				},
				"RightElbow": {
					"rotation": {
						"0.0": {
							"vector": [0, 0, -22.5]
						},
						"0.0417": {
							"vector": [0, 0, -40]
						},
						"4.0": {
							"vector": [0, 10, 5]
						}
					}
				},
				"RightWrist": {
					"rotation": {
						"0.0": {
							"vector": [0, 0, 0]
						},
						"0.0417": {
							"vector": [0, 0, -7.5]
						},
						"4.0": {
							"vector": [0, 0, -7.5]
						}
					}
				},
				"Right_Wing_Bone5": {
					"rotation": {
						"0.0": {
							"vector": [0, 0, 0]
						},
						"4.0": {
							"vector": [0, 0, 7.5]
						}
					}
				},
				"Head": {
					"rotation": {
						"0.0": {
							"vector": [5, 0, 0]
						},
						"0.0417": {
							"vector": [20, 0, 0]
						},
						"0.0833": {
							"vector": [5, 0, 0]
						},
						"0.125": {
							"vector": [-15, 0, 0]
						},
						"0.1667": {
							"vector": [-25, 0, 0]
						},
						"0.2083": {
							"vector": [-32.5, 0, 0]
						},
						"0.25": {
							"vector": [-30, 0, 0]
						},
						"0.2917": {
							"vector": [-25, 0, 0]
						},
						"0.3333": {
							"vector": [5, 0, 0]
						},
						"0.375": {
							"vector": [30, 0, 0]
						},
						"0.4583": {
							"vector": [42.5, 0, 0]
						},
						"0.5": {
							"vector": [47.5, 0, 0]
						},
						"0.5417": {
							"vector": [52.5, 0, 0]
						},
						"0.5833": {
							"vector": [55, 0, 0]
						},
						"0.625": {
							"vector": [47.5, 0, 0]
						},
						"0.6667": {
							"vector": [42.5, 0, 0]
						},